Component,Condition,Mean_Amplitude,SD,N_trials
N400,Congruent,-0.20677411111538876,2.3495337738670496,50
N400,Incongruent,-0.7710107023601774,1.8814343177719166,50
P600,Congruent,-1.1023696765018598,2.9331183663707536,50
P600,Incongruent,-2.350368781738764,2.3195517348252657,50
